[
  {
    "id": "8970c011-5de7-4b04-8a53-d720a3fb8987",
    "data": [
      {
        "text": "to help",
        "meta": "@sys.ignore",
        "userDefined": true
      }
    ],
    "isTemplate": false,
    "count": 0,
    "updated": 1534613504
  },
  {
    "id": "a77dc01d-9903-4abd-bdab-569c8bab20bf",
    "data": [
      {
        "text": "I am ",
        "userDefined": false
      },
      {
        "text": "here to help",
        "meta": "@sys.ignore",
        "userDefined": true
      }
    ],
    "isTemplate": false,
    "count": 0,
    "updated": 1534613504
  },
  {
    "id": "6e3b1ae9-aef0-428e-9f36-72e30e94a4b3",
    "data": [
      {
        "text": "donate",
        "meta": "@sys.ignore",
        "userDefined": true
      }
    ],
    "isTemplate": false,
    "count": 0,
    "updated": 1534613504
  },
  {
    "id": "5e2ab4a7-d2dc-46a8-ac0a-a51c78f21e44",
    "data": [
      {
        "text": "I am here to",
        "alias": "any",
        "meta": "@sys.any",
        "userDefined": true
      },
      {
        "text": " ",
        "userDefined": false
      },
      {
        "text": "donate",
        "meta": "@sys.ignore",
        "userDefined": true
      }
    ],
    "isTemplate": false,
    "count": 0,
    "updated": 1534613504
  }
]