[
  {
    "id": "0ba101f5-81ee-478d-9a0e-36cad89c6a00",
    "data": [
      {
        "text": "i am thirsty",
        "userDefined": false
      }
    ],
    "isTemplate": false,
    "count": 0,
    "updated": 1534848460
  },
  {
    "id": "b96ddef2-09ca-4bc4-8b09-025888827896",
    "data": [
      {
        "text": "vellam venam",
        "userDefined": false
      }
    ],
    "isTemplate": false,
    "count": 0,
    "updated": 1534848460
  },
  {
    "id": "c41c65ba-84b0-439f-9272-cc3c2d6fdca5",
    "data": [
      {
        "text": "I ",
        "userDefined": false
      },
      {
        "text": "need",
        "alias": "any",
        "meta": "@sys.any",
        "userDefined": true
      },
      {
        "text": " water",
        "userDefined": false
      }
    ],
    "isTemplate": false,
    "count": 0,
    "updated": 1534848460
  },
  {
    "id": "fbc09731-0767-4490-a6d1-9da69c4ce5e3",
    "data": [
      {
        "text": "water, please",
        "userDefined": false
      }
    ],
    "isTemplate": false,
    "count": 0,
    "updated": 1534848460
  },
  {
    "id": "3c82fcac-8792-4445-a2f1-294949cc0556",
    "data": [
      {
        "text": "water",
        "userDefined": false
      }
    ],
    "isTemplate": false,
    "count": 0,
    "updated": 1534848460
  }
]