[
  {
    "id": "41b9cd86-33e9-4aaf-aaf2-cee4ae86bb29",
    "data": [
      {
        "text": "rescue",
        "meta": "@sys.ignore",
        "userDefined": true
      }
    ],
    "isTemplate": false,
    "count": 0,
    "updated": 1534850064
  },
  {
    "id": "c0d82dab-8810-4d18-9378-6719339cf931",
    "data": [
      {
        "text": "help us",
        "meta": "@sys.ignore",
        "userDefined": true
      },
      {
        "text": "!",
        "userDefined": false
      }
    ],
    "isTemplate": false,
    "count": 0,
    "updated": 1534850064
  },
  {
    "id": "28ff9875-3373-4d18-8aae-f852bf2f3460",
    "data": [
      {
        "text": "SOS",
        "meta": "@sys.ignore",
        "userDefined": true
      }
    ],
    "isTemplate": false,
    "count": 0,
    "updated": 1534850064
  },
  {
    "id": "74439afe-7bbe-4344-9b0b-be389b481e9d",
    "data": [
      {
        "text": "save me",
        "meta": "@sys.ignore",
        "userDefined": true
      },
      {
        "text": "!",
        "userDefined": false
      }
    ],
    "isTemplate": false,
    "count": 0,
    "updated": 1534850064
  },
  {
    "id": "fa5ab19c-eb7f-4853-b764-b6291fe59ee4",
    "data": [
      {
        "text": "I need",
        "alias": "any",
        "meta": "@sys.any",
        "userDefined": true
      },
      {
        "text": " ",
        "userDefined": false
      },
      {
        "text": "rescue",
        "meta": "@sys.ignore",
        "userDefined": true
      }
    ],
    "isTemplate": false,
    "count": 0,
    "updated": 1534850064
  },
  {
    "id": "443fb755-46a9-4046-b4ab-e4be533bffd2",
    "data": [
      {
        "text": "I am ",
        "userDefined": false
      },
      {
        "text": "trapped",
        "meta": "@sys.ignore",
        "userDefined": true
      }
    ],
    "isTemplate": false,
    "count": 0,
    "updated": 1534850064
  }
]